{
    "hyperparameters": {
        "num_sequences": 500,
        "seq_len": 300,
        "window": 50,
        "num_alpha": 100,
        "num_filters": 10,
        "batch_size": 64,
        "learning_rate": 0.001,
        "epochs": 20
    },
    "training_losses": {
        "stu": [
            8.384347852340698,
            0.16456468475914002,
            0.0259904016732499,
            0.008594980299383402,
            0.008369483205676079,
            0.008141536226272584,
            0.00799105509659648,
            0.007770073905587196,
            0.007676718589663505,
            0.007586067174911499,
            0.0075481715191602705,
            0.00747433687198162,
            0.00744379812631011,
            0.007425380706787109,
            0.007372067994296551,
            0.007442669724702835,
            0.007394287555128336,
            0.0073494100987315176,
            0.007375857007712126,
            0.007335580792158842
        ],
        "attention": [
            9.61751264239502,
            8.478811979980469,
            8.47166049560547,
            8.4608483671875,
            8.45784108807373,
            8.451784228515624,
            8.452328031860352,
            8.446023529418945,
            8.448818346618653,
            8.447976182128906,
            8.446556483093262,
            8.443482949645997,
            8.4402458616333,
            8.441081372802735,
            8.442123321350097,
            8.44120336138916,
            8.439631567871094,
            8.440960520507813,
            8.437877576904297,
            8.4359320055542
        ]
    },
    "sample_predictions": {
        "true_values": [
            9.859014511108398,
            -3.577134847640991,
            1.057736873626709,
            12.695308685302734,
            -9.099732398986816
        ],
        "stu_predictions": [
            9.873892784118652,
            -3.616565704345703,
            0.9988054633140564,
            12.72136116027832,
            -8.9349946975708
        ],
        "attention_predictions": [
            10.750337600708008,
            -8.010040283203125,
            -1.0628595352172852,
            7.356096267700195,
            -3.9253435134887695
        ]
    },
    "dataset_info": {
        "X_shape": [
            125000,
            50
        ],
        "Y_shape": [
            125000
        ]
    }
}